,manager_id,error
0,37577549,response error: 404
1,32633580,response error: 404
2,59959307,response error: 404
3,11549350,response error: 404
4,21689537,response error: 404
5,23935236,response error: 404
6,31094904,response error: 404
7,19168143,response error: 404
8,21287953,response error: 404
9,24692858,response error: 404
10,35664923,response error: 404
11,71869724,response error: 404
12,18627371,response error: 404
13,16892736,response error: 404
14,22211213,response error: 404
15,23653013,response error: 404
16,29316917,response error: 404
17,19109602,response error: 404
18,29779479,response error: 404
19,16193345,response error: 404
20,12819452,response error: 404
21,39364511,response error: 404
22,12334842,response error: 404
23,22880219,response error: 404
24,22030073,response error: 404
25,60251069,response error: 404
26,13096255,response error: 404
27,40535071,response error: 404
28,11658526,response error: 404
29,19294844,response error: 404
30,11620377,response error: 404
31,13114222,response error: 404
32,39895429,response error: 404
33,56704446,response error: 404
34,13743796,response error: 404
35,13770716,response error: 404
36,25115300,response error: 404
37,71029930,response error: 404
38,37602338,response error: 404
39,24969205,response error: 404
40,14259231,response error: 404
41,68932235,response error: 404
42,15908061,response error: 404
43,43798450,response error: 404
44,26464514,response error: 404
45,29666668,response error: 404
46,73561278,response error: 404
47,15468340,response error: 404
48,36791176,response error: 404
49,31554039,response error: 404
50,33513357,response error: 404
51,64184542,response error: 404
52,23475313,response error: 404
53,52919528,response error: 404
54,26680875,response error: 404
55,18455481,response error: 404
56,32711097,response error: 404
57,20387271,response error: 404
58,12696167,response error: 404
59,69882569,response error: 404
60,15698784,response error: 404
61,71489074,response error: 404
62,20121903,response error: 404
63,20197166,response error: 404
64,13041196,response error: 404
65,16180794,response error: 404
66,12223916,response error: 404
67,14748564,response error: 404
68,40200484,response error: 404
69,13747590,response error: 404
70,38979587,response error: 404
71,57404789,response error: 404
72,16226186,response error: 404
73,15589653,response error: 404
74,22830282,response error: 404
75,60633513,response error: 404
76,62133509,response error: 404
77,25883574,response error: 404
78,32087410,response error: 404
79,13642145,response error: 404
80,34270552,response error: 404
81,54728745,response error: 404
82,11806993,response error: 404
83,34662597,response error: 404
84,12507209,response error: 404
85,14605835,response error: 404
86,15436103,response error: 404
87,15935355,response error: 404
88,34418568,response error: 404
89,15682412,response error: 404
90,39657089,response error: 404
91,13253285,response error: 404
92,27469948,response error: 404
93,24983074,response error: 404
94,13714443,response error: 404
95,67848485,response error: 404
96,66815512,response error: 404
97,29162267,response error: 404
98,55477166,response error: 404
99,34322842,response error: 404
100,31077328,response error: 404
101,13116773,response error: 404
102,15327896,response error: 404
103,29354585,response error: 404
104,11845900,response error: 404
105,23538746,response error: 404
106,25557393,response error: 404
107,12461170,response error: 404
108,25721869,response error: 404
109,71609518,response error: 404
110,69625869,response error: 404
111,28373917,response error: 404
112,33607104,response error: 404
113,21687617,response error: 404
114,22557589,response error: 404
115,37623542,response error: 404
116,41654189,response error: 404
117,59981017,response error: 404
118,22615490,response error: 404
119,35329920,response error: 404
120,42661075,response error: 404
121,16232394,response error: 404
122,30405471,response error: 404
123,64026119,response error: 404
124,15361099,response error: 404
125,48120569,response error: 404
126,63077940,response error: 404
127,34029255,response error: 404
128,49704620,response error: 404
129,14358633,response error: 404
130,13594086,response error: 404
131,48774950,response error: 404
132,53743084,response error: 404
133,55086084,response error: 404
134,52993118,response error: 404
135,14379719,response error: 404
136,16352432,response error: 404
137,44087044,response error: 404
138,16319148,response error: 404
139,62739870,response error: 404
140,30836914,response error: 404
141,53438577,response error: 404
142,63535492,response error: 404
143,28200960,response error: 404
144,54854103,response error: 404
145,39861213,response error: 404
146,23202375,response error: 404
147,28752060,response error: 404
148,69775780,response error: 404
149,46423448,response error: 404
150,33219924,response error: 404
151,26397196,response error: 404
152,20410948,response error: 404
153,21233909,response error: 404
154,50423316,response error: 404
155,13588161,response error: 404
156,12682280,response error: 404
157,19594694,response error: 404
158,46020735,response error: 404
159,30530900,response error: 404
160,40742648,response error: 404
161,30949395,response error: 404
162,50445439,response error: 404
163,52962368,response error: 404
164,21873041,response error: 404
165,32618363,response error: 404
166,55974069,response error: 404
167,37564349,response error: 404
168,49685863,response error: 404
169,11601576,response error: 404
170,18799399,response error: 404
171,39660181,response error: 404
172,58472182,response error: 404
173,23358071,response error: 404
174,33809310,response error: 404
175,30727957,response error: 404
176,54961254,response error: 404
177,67632914,response error: 404
178,27621491,response error: 404
179,54887674,response error: 404
180,43168022,response error: 404
181,14238831,response error: 404
182,14735409,response error: 404
183,33528497,response error: 404
184,37421236,response error: 404
185,59839217,response error: 404
186,73182885,response error: 404
187,15554928,response error: 404
188,27395934,response error: 404
189,38975586,response error: 404
190,13397045,response error: 404
191,13925999,response error: 404
192,38852905,response error: 404
193,19031044,response error: 404
194,19599329,response error: 404
195,34245137,response error: 404
196,64335046,response error: 404
197,14916684,response error: 404
198,23787995,response error: 404
199,24072143,response error: 404
200,44217848,response error: 404
201,70750171,response error: 404
202,20365178,response error: 404
203,29466404,response error: 404
204,41180055,response error: 404
205,58134755,response error: 404
206,19631056,response error: 404
207,30501696,response error: 404
208,47816795,response error: 404
209,20195494,response error: 404
210,29229524,response error: 404
211,37639093,response error: 404
212,14197716,response error: 404
213,29995956,response error: 404
214,21362192,response error: 404
215,58864961,response error: 404
216,17975192,response error: 404
217,47149050,response error: 404
218,18779263,response error: 404
219,30348677,response error: 404
220,16138249,response error: 404
221,21014561,response error: 404
222,31564961,response error: 404
223,59974613,response error: 404
224,13672206,response error: 404
225,20405410,response error: 404
226,67474601,response error: 404
227,12596002,response error: 404
228,14753903,response error: 404
229,17202124,response error: 404
230,49117193,response error: 404
231,22746454,response error: 404
232,19173960,response error: 404
233,30936788,response error: 404
234,13410653,response error: 404
235,37140666,response error: 404
236,64900677,response error: 404
237,11640427,response error: 404
238,11903580,response error: 404
239,58106014,response error: 404
240,13600627,response error: 404
241,26354142,response error: 404
242,31070571,response error: 404
243,62123575,response error: 404
244,16170853,response error: 404
245,45665900,response error: 404
246,12555203,response error: 404
247,73662651,response error: 404
248,16620218,response error: 404
249,30105084,response error: 404
250,38217666,response error: 404
251,54399079,response error: 404
252,70504994,response error: 404
253,24296710,response error: 404
254,32539789,response error: 404
255,23542648,response error: 404
256,58173188,response error: 404
257,67085827,response error: 404
258,25911552,response error: 404
259,67660552,response error: 404
260,38133709,response error: 404
261,17987113,response error: 404
262,48955653,response error: 404
263,66459388,response error: 404
264,32218555,response error: 404
265,27557338,response error: 404
266,44363897,response error: 404
267,70149603,response error: 404
268,35668226,response error: 404
269,38281755,response error: 404
270,23220686,response error: 404
271,33324492,response error: 404
272,17666743,response error: 404
273,21964444,response error: 404
274,26513652,response error: 404
275,11924700,response error: 404
276,28247924,response error: 404
277,50861965,response error: 404
278,21770961,response error: 404
279,14825125,response error: 404
280,22716333,response error: 404
281,60703989,response error: 404
282,12216463,response error: 404
283,17828394,response error: 404
284,38153306,response error: 404
285,50607410,response error: 404
286,13274435,response error: 404
287,47370510,response error: 404
288,15715119,response error: 404
289,31942921,response error: 404
290,33827373,response error: 404
291,12570949,response error: 404
292,47571837,response error: 404
293,71551290,response error: 404
294,15145784,response error: 404
295,39372445,response error: 404
296,15076094,response error: 404
297,26858675,response error: 404
298,12490644,response error: 404
299,24736735,response error: 404
300,48053535,response error: 404
301,57251866,response error: 404
302,24334268,response error: 404
303,28885853,response error: 404
304,38601977,response error: 404
305,61282014,response error: 404
306,15729408,response error: 404
307,17235724,response error: 404
308,17621546,response error: 404
309,32340232,response error: 404
310,57676784,response error: 404
311,43516970,response error: 404
312,13435963,response error: 404
313,14427990,response error: 404
314,72772746,response error: 404
315,16659290,response error: 404
316,16960524,response error: 404
317,17883058,response error: 404
318,29456366,response error: 404
319,69225547,response error: 404
320,16882897,response error: 404
321,22196597,response error: 404
322,26323761,response error: 404
323,26934992,response error: 404
324,33334495,response error: 404
325,50941237,response error: 404
326,44117333,response error: 404
327,26435662,response error: 404
328,69442977,response error: 404
329,50967609,response error: 404
330,62296176,response error: 404
331,68122923,response error: 404
332,67560590,response error: 404
333,15529773,response error: 404
334,18472057,response error: 404
335,11873155,response error: 404
336,15737611,response error: 404
337,15833479,response error: 404
338,53342680,response error: 404
339,14025037,response error: 404
340,20014911,response error: 404
341,28366708,response error: 404
342,38479760,response error: 404
343,53936105,response error: 404
344,58245523,response error: 404
345,14515734,response error: 404
346,33036244,response error: 404
347,49780433,response error: 404
348,54237443,response error: 404
349,33480999,response error: 404
350,21831063,response error: 404
351,28320778,response error: 404
352,44465406,response error: 404
353,67344475,response error: 404
354,34726501,response error: 404
355,56284864,response error: 404
356,46183484,response error: 404
357,15081807,response error: 404
358,23661314,response error: 404
359,49047547,response error: 404
360,62109033,response error: 404
361,38206594,response error: 404
362,38726423,response error: 404
363,57647725,response error: 404
364,70971957,response error: 404
365,16344204,response error: 404
366,24832108,response error: 404
367,18150288,response error: 404
368,21365437,response error: 404
369,37910774,response error: 404
370,39847686,response error: 404
